id,route,latitude,longitude
0001, 1, 2.991621392694718, 101.70760515415567
0002, 1, 2.991520998102801, 101.70761314769751
0003, 1, 2.9907171435228257, 101.70770010942849
0004, 1, 2.9905446607193134, 101.70792385780781
0005, 1, 2.9905097365655955, 101.71045675473334
0006, 1, 2.9905072547116167, 101.7107351014217
0007, 1, 2.9904946736271425, 101.71096985557979
0008, 1, 2.99049980914963, 101.71147818767012
0009, 1, 2.9905916377437958, 101.71179629817112
0010, 1, 2.9916886165838825, 101.71288980308277
0012, 1, 2.9918598643144136, 101.713128386008
0013, 1, 2.991934319839523, 101.71339927698149
0015, 1, 2.991951692801737, 101.71453503098758
0016, 1, 2.9919914024134493, 101.71489539058041
0017, 1, 2.992031112022719, 101.7157875911452
0018, 1, 2.99204352127737, 101.71760430046506
0019, 1, 2.992080749034327, 101.7177061952349
0020, 1, 2.99208571273516, 101.7179547190638
0021, 1, 2.9921973959979273, 101.71807401050168
0022, 1, 2.9931256075864705, 101.71846916343922
0023, 1, 2.996440013231157, 101.7205277417902
0024, 1, 2.9975672469152785, 101.72105776309851
0025, 1, 2.999086804119085, 101.72156207812499
0026, 1, 2.9997640918100563, 101.72167511427119
0027, 1, 3.000510844418602, 101.72162294376237
0028, 1, 3.0012730688401286, 101.72146487994381
0029, 1, 3.0011646580101887, 101.72070279068615
0030, 1, 3.0011863401775227, 101.72055080704506
0031, 1, 3.0008806215873, 101.71918078323695
0032, 1, 3.0008199115020484, 101.7190613675413
0034, 1, 3.0003410640710824, 101.71645475588676
0035, 1, 2.99983507902807, 101.7136022394701
0036, 1, 2.9996889845279076, 101.71331661598855
0037, 1, 2.9996395257454487, 101.71323151466471
0038, 1, 2.9996333294751127, 101.71314245532906
0039, 1, 2.9996990325952884, 101.71307062573325
0040, 1, 2.999772467101826, 101.71305189178614
0041, 1, 3.0000203695270784, 101.71106249342165
0042, 1, 3.0001185557941703, 101.71014185112803
0043, 1, 3.0001542598898303, 101.7095161718703
0044, 1, 3.000186988642652, 101.70696876370917
0045, 1, 3.0006124623528008, 101.70698664021101
0046, 1, 3.0023530348426792, 101.70698664021144
0047, 1, 3.0034211796681416, 101.70705516698143
0048, 1, 3.0042334451045942, 101.70692109286725
0049, 1, 3.004177404041656, 101.70863004951426
0050, 1, 3.0041870229539565, 101.7093114243268
0051, 1, 3.004107556216379, 101.70947057651071
0052, 1, 3.0039353782651155, 101.70959436154261
0053, 1, 3.0036749038770028, 101.70966951674056
0054, 1, 3.0033895382720317, 101.70967643515753
0055, 1, 3.001899530705045, 101.70965419526968
0056, 1, 2.998896976761488, 101.70954317562156
0057, 1, 2.9985806553319065, 101.70950061144056
0058, 1, 2.9962326921026965, 101.70900124582738
0059, 1, 2.995365191139604, 101.70876716817361
0060, 1, 2.9950547235768026, 101.70839058310906
0061, 1, 2.99502355585406, 101.70761552599876
0062, 1, 2.9950287504742055, 101.70744907081766
0063, 1, 2.994794992534458, 101.7072826155674
0064, 1, 2.993454643132772, 101.70724046748276
0065, 1, 2.9921930156259755, 101.70754115147894
0066, 1, 2.9920069415350716, 101.7075644424967
0067, 1, 2.991754412373068, 101.70760104265666
0068, 1, 2.991621392694718, 101.70760515415567
0069, 2, 2.991621392694718, 101.70760515415567
0070, 2, 2.991520998102801, 101.70761314769751
0071, 2, 2.9907171435228257, 101.70770010942849
0072, 2, 2.9905446607193134, 101.70792385780781
0073, 2, 2.9905097365655955, 101.71045675473334
0074, 2, 2.9905072547116167, 101.7107351014217
0075, 2, 2.9904946736271425, 101.71096985557979
0076, 2, 2.99049980914963, 101.71147818767012
0077, 2, 2.9905916377437958, 101.71179629817112
0078, 2, 2.9916886165838825, 101.71288980308277
0079, 2, 2.9918598643144136, 101.713128386008
0080, 2, 2.991934319839523, 101.71339927698149
0081, 2, 2.991951692801737, 101.71453503098758
0082, 2, 2.9919914024134493, 101.71489539058041
0083, 2, 2.992031112022719, 101.7157875911452
0084, 2, 2.99204352127737, 101.71760430046506
0085, 2, 2.992080749034327, 101.7177061952349
0086, 2, 2.99208571273516, 101.7179547190638
0087, 2, 2.9921973959979273, 101.71807401050168
0088, 2, 2.9931256075864705, 101.71846916343922
0089, 2, 2.996440013231157, 101.7205277417902
0090, 2, 2.9975672469152785, 101.72105776309851
0091, 2, 2.999086804119085, 101.72156207812499
0092, 2, 2.9997640918100563, 101.72167511427119
0093, 2, 3.000510844418602, 101.72162294376237
0094, 2, 3.0012730688401286, 101.72146487994381
0095, 2, 3.0011646580101887, 101.72070279068615
0096, 2, 3.0011863401775227, 101.72055080704506
0097, 2, 3.0008806215873, 101.71918078323695
0098, 2, 3.0008199115020484, 101.7190613675413
0099, 2, 3.0003410640710824, 101.71645475588676
0100, 2, 2.99983507902807, 101.7136022394701
0101, 2, 2.9996889845279076, 101.71331661598855
0102, 2, 2.9996395257454487, 101.71323151466471
0103, 2, 2.9996333294751127, 101.71314245532906
0104, 2, 2.9996990325952884, 101.71307062573325
0105, 2, 2.999772467101826, 101.71305189178614
0106, 2, 3.0000203695270784, 101.71106249342165
0107, 2, 3.0001185557941703, 101.71014185112803
0108, 2, 3.0001542598898303, 101.7095161718703
0109, 2, 3.000186988642652, 101.70696876370917
0110, 2, 3.0006124623528008, 101.70698664021101
0111, 2, 3.0023530348426792, 101.70698664021144
0112, 2, 3.0034211796681416, 101.70705516698143
0113, 2, 3.0042334451045942, 101.70692109286725
0114, 2, 3.004177404041656, 101.70863004951426
0115, 2, 3.0041870229539565, 101.7093114243268
0116, 2, 3.004107556216379, 101.70947057651071
0117, 2, 3.0039353782651155, 101.70959436154261
0118, 2, 3.0036749038770028, 101.70966951674056
0119, 2, 3.0033895382720317, 101.70967643515753
0120, 2, 3.001899530705045, 101.70965419526968
0121, 2, 2.998896976761488, 101.70954317562156
0122, 2, 2.9985806553319065, 101.70950061144056
0123, 2, 2.9962326921026965, 101.70900124582738
0124, 2, 2.995365191139604, 101.70876716817361
0125, 2, 2.9950547235768026, 101.70839058310906
0126, 2, 2.99502355585406, 101.70761552599876
0127, 2, 2.9950287504742055, 101.70744907081766
0128, 2, 2.994794992534458, 101.7072826155674
0129, 2, 2.993454643132772, 101.70724046748276
0130, 2, 2.9921930156259755, 101.70754115147894
0131, 2, 2.9920069415350716, 101.7075644424967
0132, 2, 2.991754412373068, 101.70760104265666
0133, 2, 2.991621392694718, 101.70760515415567
0134, 3, 3.0093538865047247, 101.72009214034568
0135, 3, 3.0101157734443866, 101.71930137344236
0136, 3, 3.0100023009552275, 101.71918542521605
0137, 3, 3.009302939624124, 101.71863583062286
0138, 3, 3.008862943858412, 101.71838306348924
0139, 3, 3.008388211378421, 101.71935007169816
0140, 3, 3.0081705291049845, 101.719918218007
0141, 3, 3.008089769046511, 101.72006386303954
0142, 3, 3.006928410088234, 101.7197507679799
0143, 3, 3.004157288897445, 101.71869689611795
0144, 3, 3.0036423427403927, 101.718524564189
0145, 3, 3.0035385499205116, 101.71849908320343
0146, 3, 3.003490336479989, 101.71853194026376
0147, 3, 3.0034401141438543, 101.718532610816
0148, 3, 3.0033430176194758, 101.71891147283888
0149, 3, 3.0032847305399, 101.71934458206985
0150, 3, 3.0032740164397893, 101.71967315267538
0151, 3, 3.0033302654646694, 101.7200634140858
0152, 3, 3.0033858448581743, 101.7202625681061
0153, 3, 3.0037012411095123, 101.72097067128477
0154, 3, 3.003755481219468, 101.72105717252522
0155, 3, 3.003754120727928, 101.7210610112958
0156, 3, 3.0036940632957787, 101.72097484046687
0157, 3, 3.003375848481385, 101.72025495499703
0158, 3, 3.003289796010455, 101.71987257194365
0159, 3, 3.003266490131738, 101.71966522338656
0160, 3, 3.0032742946755655, 101.71936643441617
0161, 3, 3.0032943059470214, 101.71912287788415
0162, 3, 3.0033291267716424, 101.71893579380595
0163, 3, 3.0034179462709103, 101.71857130994493
0164, 3, 3.003331397046497, 101.71848464167597
0165, 3, 3.0031655110138944, 101.71844672430831
0166, 3, 3.0025722879172534, 101.71845214107508
0167, 3, 3.0019285773840876, 101.71847200255311
0168, 3, 3.0017771160303703, 101.7184557522527
0169, 3, 3.001232576217443, 101.71838352869486
0170, 3, 3.0009621093235688, 101.71838172310466
0171, 3, 3.00084671009157, 101.7183853342825
0172, 3, 3.0007186890600788, 101.71837269515991
0173, 3, 3.000659186322035, 101.7182625542348
0174, 3, 3.0003149731535643, 101.71644342325106
0175, 3, 3.0002986887888468, 101.7161752683438
0176, 3, 3.0000115823288986, 101.71483896409994
0177, 3, 2.9997766568925877, 101.71356585827048
0178, 3, 2.999740381636913, 101.71351396536981
0179, 3, 2.9996889845279076, 101.71331661598855
0180, 3, 2.9996395257454487, 101.71323151466471
0181, 3, 2.9996333294751127, 101.71314245532906
0182, 3, 2.9996990325952884, 101.71307062573325
0183, 3, 2.999772467101826, 101.71305189178614
0184, 3, 3.0000203695270784, 101.71106249342165
0185, 3, 3.0001185557941703, 101.71014185112803
0186, 3, 3.0001542598898303, 101.7095161718703
0187, 3, 3.000186988642652, 101.70696876370917
0188, 3, 3.0006124623528008, 101.70698664021101
0189, 3, 3.0023530348426792, 101.70698664021144
0190, 3, 3.0034211796681416, 101.70705516698143
0191, 3, 3.0042334451045942, 101.70692109286725
0192, 3, 3.004177404041656, 101.70863004951426
0193, 3, 3.0041870229539565, 101.7093114243268
0194, 3, 3.004107556216379, 101.70947057651071
0195, 3, 3.0039353782651155, 101.70959436154261
0196, 3, 3.0036749038770028, 101.70966951674056
0197, 3, 3.0033895382720317, 101.70967643515753
0198, 3, 3.001899530705045, 101.70965419526968
0199, 3, 3.001449760030355, 101.7096414321997
0200, 3, 3.0004268680619797, 101.70959379049657
0201, 3, 3.0002875145695573, 101.709762093027
0202, 3, 3.000182170743548, 101.70994083729175
0203, 3, 3.00006147722427, 101.71151866751302
0204, 3, 3.0000175524818973, 101.71204907516292
0205, 3, 2.999834102062915, 101.71310471575566
0206, 3, 2.999870275386367, 101.71315905019783
0207, 3, 2.999867691577596, 101.71323667082955
0208, 3, 2.999813431591846, 101.7133246408788
0209, 3, 2.999836685871775, 101.71350316833167
0210, 3, 2.999859940150928, 101.7136325360574
0211, 3, 3.0002707656728695, 101.71571794369557
0212, 3, 3.0003999560650985, 101.71632597198129
0213, 3, 3.0004387131785815, 101.716393243197
0214, 3, 3.000800446169597, 101.71810607180682
0215, 3, 3.0009063822341115, 101.71819921656486
0216, 3, 3.00101490209442, 101.7182432015895
0217, 3, 3.0014424837976907, 101.7182708647747
0218, 3, 3.0019739300635315, 101.71835069123985
0219, 3, 3.0027559148132053, 101.71831267863739
0220, 3, 3.0033554367770128, 101.71830707037152
0221, 3, 3.0035017901293273, 101.71828441463371
0222, 3, 3.0035860253112086, 101.7184489683344
0223, 3, 3.003514218271321, 101.71855129584574
0224, 3, 3.003449315750435, 101.71856927230043
0225, 3, 3.0033666254284896, 101.71890585928146
0226, 3, 3.003358085399534, 101.71893301840306
0227, 3, 3.003339104722436, 101.71912122983139
0228, 3, 3.0033110707254527, 101.71934581027307
0229, 3, 3.00329787825603, 101.7196694703214
0230, 3, 3.0033380929212763, 101.72004934799422
0231, 3, 3.003390813796452, 101.72024897299971
0232, 3, 3.0036995685148744, 101.72093871939894
0233, 3, 3.0037793517231766, 101.72107261804666
0234, 3, 3.0037401958235037, 101.72108687614508
0235, 3, 3.0036618840199343, 101.72096330595869
0236, 3, 3.003356113979596, 101.72027414614973
0237, 3, 3.003299519979326, 101.72006408420569
0238, 3, 3.0032627001260006, 101.71987383245555
0239, 3, 3.0032420810076075, 101.71967325696706
0240, 3, 3.0032509177726707, 101.71933699805987
0241, 3, 3.003268591302621, 101.71911282545206
0242, 3, 3.003308356743932, 101.71893142262056
0243, 3, 3.00341881629555, 101.71851109898655
0244, 3, 3.003362850124128, 101.71846685439351
0245, 3, 3.003362850124128, 101.71838868894578
0246, 3, 3.0034497449679933, 101.71831642277712
0247, 3, 3.0035867147925903, 101.71836214218995
0248, 3, 3.0042353828617068, 101.71861969021239
0249, 3, 3.0070334636022196, 101.71965125226217
0250, 3, 3.008123900547188, 101.71993917463685
0251, 3, 3.0082353849073913, 101.71960911390923
0252, 3, 3.008354139967417, 101.71934700686113
0253, 3, 3.0090884822131927, 101.71984209795279
0254, 3, 3.0093538865047247, 101.72009214034568
0255, 4, 2.9781750765702664, 101.71455617972484
0256, 4, 2.9782174279856704, 101.71473906721164
0257, 4, 2.9782293393204786, 101.71486231747448
0258, 4, .978232822565636, 101.71499894243874
0259, 4, 2.978210633149574, 101.71517669785513
0260, 4, 2.97819105425267, 101.7153100144174
0261, 4, 2.9781492859381147, 101.7154956119845
0262, 4, 2.9781375385993587, 101.71561063019509
0263, 4, 2.9781871384732463, 101.71572434138055
0264, 4, 2.978294771352272, 101.71580363791638
0265, 4, 2.979331770481007, 101.71607682884402
0266, 4, 2.9796483253584416, 101.71613293209569
0267, 4, 2.980102147224825, 101.71610488046984
0268, 4, 2.980385213176475, 101.71599737902567
0269, 4, 2.9804481363047657, 101.7159034004595
0270, 4, 2.980450367264187, 101.71576548750608
0271, 4, 2.9805289111336335, 101.7156578608327
0272, 4, 2.9805206433581617, 101.71533705055624
0273, 4, 2.980386291990484, 101.71486307924461
0274, 4, 2.9794617408570963, 101.71251995805514
0275, 4, 2.9794424204460093, 101.7124232252434
0276, 4, 2.979421613848599, 101.71186217493509
0277, 4, 2.9794528237422147, 101.71151988960112
0278, 4, 2.979442420444432, 101.7113070774152
0279, 4, 2.979561315270218, 101.71112254097427
0280, 4, 2.980129568492452, 101.71085656581836
0281, 4, 2.9802037390578136, 101.71081490159789
0282, 4, 2.9806523803601688, 101.71046528444357
0283, 4, 2.9812855431898586, 101.70976967311061
0284, 4, 2.981497200400042, 101.70950881886078
0285, 4, 2.981985639952186, 101.70908855368049
0286, 4, 2.9831316465967608, 101.70830278965867
0287, 4, 2.9836478037951464, 101.70787016061853
0288, 4, 2.9844392443299186, 101.70711210265446
0289, 4, 2.9848521696186814, 101.70671775937014
0290, 4, 2.9852345076934346, 101.70643061620193
0291, 4, 2.985762134018069, 101.7061626159116
0292, 4, 2.986126277282352, 101.70601362294806
0293, 4, 2.986822271625854, 101.7058594702493
0294, 4, 2.9883374631805464, 101.70571181327549
0295, 4, 2.9883890138742877, 101.70571215115685
0296, 4, 2.9892901863367873, 101.70548188130424
0297, 4, 2.990888470321564, 101.70467391849415
0298, 4, 2.9916432982105885, 101.70426591950262
0299, 4, 2.9920625042404985, 101.70408212471885
0300, 4, 2.9926635729052498, 101.70396221669982
0301, 4, 2.993662504227182, 101.70391501172206
0302, 4, 2.9943471645111175, 101.70383633675914
0303, 4, 2.995512208366044, 101.70358907259
0304, 4, 2.9960678343522504, 101.70349750807755
0305, 4, 2.9982871054565825, 101.703487521171
0306, 4, 2.9983494037762792, 101.70359210564244
0307, 4, 2.9983152698115125, 101.70425250175302
0308, 4, 2.9982760835778843, 101.70557183768005
0309, 4, 2.998423052278996, 101.7062215401411
0310, 4, 2.998620205379566, 101.70692149583121
0311, 4, 2.998967008826348, 101.70692785410236
0312, 4, 2.9995896218006357, 101.7069618436787
0313, 4, 3.0009210612319444, 101.70698362117874
0314, 4, 3.0023660699040966, 101.70699813951211
0315, 4, 3.0033930397826305, 101.70704411423442
0316, 4, 3.0042315297648705, 101.70692312812305
0317, 4, 3.0042001166123997, 101.70784262256933
0318, 4, 3.0041807854382645, 101.7086362914598
0319, 4, 3.0041807854366103, 101.7093307517391
0320, 4, 3.004091378751797, 101.70949771257278
0321, 4, 3.0039560605063103, 101.7095945014619
0322, 4, 3.0037748306874406, 101.70965015507313
0323, 4, 3.003685423967247, 101.70966951285095
0324, 4, 3.0031175703111894, 101.70968403118431
0325, 4, 3.001822112030174, 101.70965290867011
0326, 4, 3.0017063268852167, 101.70966160759136
0327, 4, 3.0004410896742177, 101.709594419533
0328, 4, 3.000188681059766, 101.70994635698162
0329, 4, 3.0001610991649414, 101.71055480850036
0330, 4, 3.000065554500925, 101.71134275721687
0331, 4, 3.000009856178071, 101.71206677965037
0333, 4, 2.999828812935704, 101.7131232033733
0334, 4, 2.999875500768863, 101.71317385126457
0335, 4, 2.999850575873873, 101.71326580124875
0336, 4, 2.999813826138738, 101.71331392453956
0337, 4, 2.999828917036646, 101.71348025595675
0338, 4, 2.999814185102259, 101.71355736946595
0339, 4, 3.000155679108734, 101.71524425498147
0340, 4, 3.0003751676483974, 101.71631332968167
0341, 4, 3.0004305725202105, 101.7163944171838
0342, 4, 3.0007736564397764, 101.71810579025681
0343, 4, 3.0009931448564418, 101.71826156361631
0344, 4, 3.0014001572475837, 101.71828076855104
0345, 4, 3.0019563362188686, 101.7183703915798
0346, 4, 3.0033091019869382, 101.71832770228254
0347, 4, 3.0034729006957894, 101.71828318148108
0348, 4, 3.003533740208371, 101.71831364308208
0349, 4, 3.003589899755444, 101.71839096868457
0350, 4, 3.003533740208371, 101.71851750148866
0351, 4, 3.003426101068411, 101.71852453108892
0352, 4, 3.0033301618260277, 101.71846595108701
0353, 4, 3.0024741135141904, 101.71843747675472
0354, 4, 3.0019342882634845, 101.71847418193353
0355, 4, 3.001339988803237, 101.71837595696749
0356, 4, 3.000925845766, 101.71836552738291
0357, 4, 3.0007148030357107, 101.71835918740759
0358, 4, 3.000672594482808, 101.71827888105332
0359, 4, 3.0004298952895367, 101.71690310640598
0360, 4, 3.0003264843058175, 101.71641704163036
0361, 4, 3.0003307051622143, 101.71634941522683
0362, 4, 3.0000183617366325, 101.71484684107278
0363, 4, 2.9997841041149513, 101.71358307265629
0364, 4, 2.999731343382476, 101.71348163305096
0365, 4, 2.9996806930743, 101.71327664051522
0366, 4, 2.999611048900296, 101.71311814113187
0367, 4, 2.999532963002963, 101.71294907512299
0368, 4, 2.99925438623546, 101.71234889079143
0369, 4, 2.999136202133929, 101.71191988579388
0370, 4, 2.999041232751697, 101.71097522946908
0371, 4, 2.9988555148344713, 101.70953816839354
0372, 4, 2.998591710915679, 101.70805461416549
0373, 4, 2.998604373504361, 101.70746499645949
0374, 4, 2.998564275304577, 101.70691341860544
0375, 4, 2.9982498209434665, 101.70576799639518
0376, 4, 2.9982308270518248, 101.7055313039827
0377, 4, 2.9982941400171272, 101.70372018436248
0378, 4, 2.9981295262991163, 101.70354900502848
0379, 4, 2.996083067456943, 101.7035548559328
0380, 4, 2.9943084809265756, 101.70390839800118
0381, 4, 2.9936928473451707, 101.70399112023024
0382, 4, 2.993634716373783, 101.7040275017329
0383, 4, 2.993491486709613, 101.7040438187627
0384, 4, 2.993122787648066, 101.7040734920674
0385, 4, 2.992690543171915, 101.7040772888644
0386, 4, 2.99212090912754, 101.70419508453459
0387, 4, 2.9918803839940753, 101.70428320165067
0388, 4, 2.9916183484266896, 101.70440264929691
0389, 4, 2.991115787504855, 101.70463567011507
0390, 4, 2.991031020405482, 101.7046767211656
0391, 4, 2.989691544779214, 101.70535180139616
0392, 4, 2.9888606836307017, 101.7056784280845
0393, 4, 2.9867919406811962, 101.70592429493131
0394, 4, 2.9861389275716634, 101.7060786156118
0395, 4, 2.9857538582156655, 101.7062543327595
0396, 4, 2.985320599078553, 101.70652349057671
0397, 4, 2.9847707402180723, 101.70696962887645
0398, 4, 2.9846668653363824, 101.70710208729355
0399, 4, 2.9842286963153946, 101.70748062888117
0400, 4, 2.9835070057909934, 101.70811357991255
0401, 4, 2.982988227959795, 101.70850673569221
0402, 4, 2.9819468446165525, 101.70924519642364
0403, 4, 2.9814744610883652, 101.70967727199856
0404, 4, 2.9805946211118104, 101.71061575363392
0405, 4, 2.9805907822979294, 101.71062767701456
0406, 4, 2.9802068248491533, 101.7109569903583
0407, 4, 2.979677143062724, 101.71121674625337
0408, 4, 2.9795495032335224, 101.7113607604758
0409, 4, 2.9795117506051474, 101.71152817700937
0410, 4, 2.979441638570735, 101.71186120989876
0411, 4, 2.979466806991395, 101.71242826589956
0412, 4, 2.9795566942074623, 101.71275769843338
0413, 4, 2.9804016336550276, 101.71484590465857
0414, 4, 2.9805562395237213, 101.71534455390373
0415, 4, 2.980662306332098, 101.71563078217082
0416, 4, 2.980815114422067, 101.71571899088205
0417, 4, 2.9807935415165314, 101.71590800954898
0418, 4, 2.980709047632468, 101.71598001666021
0419, 4, 2.980565228240396, 101.71599801843801
0420, 4, 2.9805041049930625, 101.71596561523796
0421, 4, 2.9804322982709257, 101.71599764723403
0422, 4, 2.980394128492805, 101.71601038772684
0423, 4, 2.9801262402544264, 101.71611972044164
0424, 4, 2.9796447650944993, 101.71615391860658
0425, 4, 2.9793122539101127, 101.71610089637447
0426, 4, 2.978794701193362, 101.71596285096953
0427, 4, 2.978298148142406, 101.71582493220282
0428, 4, 2.9781504182452236, 101.71572289798512
0429, 4, 2.9781105803957355, 101.71561879030864
0430, 4, 2.9781105803957355, 101.71556235811018
0431, 4, 2.9781134953603736, 101.7154884124708
0432, 4, 2.978137786733169, 101.71538430479431
0433, 4, 2.978172766307544, 101.71525879180118
0434, 4, 2.9782019159527944, 101.7149474417407
0435, 4, 2.9781931710595413, 101.71474603717031
0436, 4, 2.9781416733515256, 101.7145261461901
0437, 4, 2.9780810145035206, 101.7143300171776
0438, 4, 2.9780883806166245, 101.71432264110281
0439, 4, 2.9781750765702664, 101.71455617972484
0440, 5, 2.991720962366472, 101.707556203837
0441, 5, 2.991733689682825, 101.70762144500674
0442, 5, 2.991520998102801, 101.70761314769751
0443, 5, 2.9907171435228257, 101.70770010942849
0444, 5, 2.9905446607193134, 101.70792385780781
0445, 5, 2.9905097365655955, 101.71045675473334
0446, 5, 2.9905072547116167, 101.7107351014217
0447, 5, 2.9904946736271425, 101.71096985557979
0448, 5, 2.99049980914963, 101.71147818767012
0449, 5, 2.9905916377437958, 101.71179629817112
0450, 5, 2.9916886165838825, 101.71288980308277
0451, 5, 2.9918598643144136, 101.713128386008
0452, 5, 2.991934319839523, 101.71339927698149
0453, 5, 2.991951692801737, 101.71453503098758
0454, 5, 2.9919914024134493, 101.71489539058041
0455, 5, 2.992031112022719, 101.7157875911452
0456, 5, 2.99204352127737, 101.71760430046506
0457, 5, 2.992066615302367, 101.71774437022239
0458, 5, 2.992079618435328, 101.71794691730267
0459, 5, 2.9921489684752105, 101.71799466054303
0460, 5, 2.9921533028525635, 101.71811763555606
0461, 5, 2.9921027351157727, 101.718169719091
0462, 5, 2.9921446340978455, 101.71827822645542
0463, 5, 2.992212539341248, 101.7184243497062
0464, 5, 2.99244529261938, 101.71882131014057
0465, 5, 2.9926950152631124, 101.71896258888478
0466, 5, 2.9927741696937185, 101.71908306793541
0467, 5, 2.9927488402782783, 101.71930817353001
0468, 5, 2.992644356426241, 101.7198931310259
0469, 5, 2.9927011105076833, 101.71995955648059
0470, 5, 2.992646600245777, 101.72008510130111
0471, 5, 2.9925498445242065, 101.72014787371137
0472, 5, 2.992511687335904, 101.72023111538584
0473, 5, 2.99246535360545, 101.72030889858986
0474, 5, 2.9920915985007914, 101.72114829562658
0475, 5, 2.9919783867577157, 101.72132520642649
0476, 5, 2.9918170818171883, 101.72146598519589
0477, 5, 2.9915021005592437, 101.72165887083717
0478, 5, 2.9913433187771967, 101.72186392400167
0479, 5, 2.9912973268078265, 101.72210625955962
0480, 5, 2.991236068466891, 101.72305732092627
0481, 5, 2.9912480765630023, 101.72320161467927
0482, 5, 2.9912465755528523, 101.72321063303882
0483, 5, 2.991381666625147, 101.72356084600185
0484, 5, 2.991999918791966, 101.72413790741037
0485, 5, 2.9921922127157727, 101.72429283618628
0486, 5, 2.9926036064313024, 101.72468352487955
0487, 5, 2.9926622047367797, 101.72465767495646
0488, 5, 2.9926869909460234, 101.72459645214455
0489, 5, 2.9926638571507467, 101.72453853867385
0490, 5, 2.992407732956135, 101.72416954713185
0491, 5, 2.9924093853704714, 101.7241215616847
0492, 5, 2.9924407812426708, 101.72408184959049
0493, 5, 2.9927481302597494, 101.7238336490017
0494, 5, 2.9927762212946507, 101.72383695834289
0495, 5, 2.992802397616754, 101.72385369295858
0496, 5, 2.993040763758468, 101.7241479807251
0497, 5, 2.9930274438832005, 101.72419163259094
0498, 5, 2.992665427633015, 101.72449980639983
0499, 5, 2.9926970674710227, 101.72454611239247
0500, 5, 2.9927059915277328, 101.72459160599927
0501, 5, 2.9927027464162004, 101.7246289757477
0502, 5, 2.992680030635285, 101.72467609412617
0503, 5, 2.9926110720102628, 101.72471183910294
0504, 5, 2.992585111115563, 101.72470371524459
0505, 5, 2.9925364344327345, 101.72466553311024
0506, 5, 2.9924212329500186, 101.72453473899071
0507, 5, 2.9922553369099263, 101.72436976365137
0508, 5, 2.992140608397243, 101.72428413178453
0509, 5, 2.991771788212132, 101.72400430683052
0510, 5, .991550043498094, 101.72380718317875
0511, 5, 2.9913135911782667, 101.72349337138824
0512, 5, 2.9912796506490342, 101.7234186003479
0513, 5, 2.9912242144512375, 101.723219210907
0514, 5, 2.991209506888093, 101.72309572540101
0515, 5, 2.991211769588966, 101.72308779513916
0516, 5, 2.991227608503082, 101.72263123863532
0517, 5, .9912835046394535, 101.72200385675139
0518, 5, 2.9913004749034715, 101.72193135150015
0519, 5, 2.991311788412673, 101.72186224493257
0520, 5, 2.991333284079812, 101.72180899888868
0521, 5, 2.9914113472942554, 101.72170703837915
0522, 5, 2.9918125943068397, 101.72143276231029
0523, 5, 2.9919658010026344, 101.72130146049088
0524, 5, 2.9920624178238358, 101.72113422343669
0525, 5, 2.992457644599481, 101.72027369617176
0526, 5, 2.992457644599481, 101.7201146388528
0527, 5, 2.992405343481927, 101.71999437600186
0528, 5, 2.992461518756398, 101.71988381176796
0529, 5, 2.992554498514736, 101.71984889674674
0530, 5, 2.9925685455070283, 101.71981411670893
0531, 5, 2.992699744299059, 101.71923167443266
0532, 5, 2.992691990869086, 101.71906710170497
0533, 5, 2.9926318992141177, 101.7189958433532
0534, 5, 2.992549668523035, 101.71893408611498
0535, 5, 2.9924595310276563, 101.71891033333105
0536, 5, 2.9924769259834827, 101.71915577876496
0537, 5, 2.9924532055891047, 101.71940280771781
0538, 5, 2.9924105088779402, 101.7195469079403
0539, 5, 2.992299064037923, 101.71980343983907
0540, 5, 2.9922357441179805, 101.71990291835874
0541, 5, 2.9921318224336138, 101.72001175547447
0542, 5, 2.991922998732919, 101.72018978276859
0543, 5, 2.9918162167899887, 101.72024515603799
0544, 5, 2.9913872694088646, 101.72039471143611
0545, 5, 2.9911338734449258, 101.72040676205339
0546, 5, 2.9905453806756888, 101.72035746471377
0547, 5, 2.9896254152791832, 101.72020042069028
0548, 5, 2.989597139954331, 101.72020985864371
0549, 5, 2.989277941043521, 101.72031796385458
0550, 5, 2.98886905476985, 101.72065015372185
0551, 5, 2.988732759313313, 101.72090509013161
0552, 5, 2.988411307693965, 101.72206904222467
0553, 5, 2.9883213012218555, 101.72243470859013
0554, 5, 2.9881241671525673, 101.72344894602749
0555, 5, 2.9880430951625923, 101.72374158014205
0556, 5, 2.988031782791419, 101.72389828099051
0557, 5, 2.9879356276311144, 101.72430419282679
0558, 5, 2.9878233696092162, 101.72482341720506
0559, 5, 2.9877422975970283, 101.72513304297789
0560, 5, 2.987421780274435, 101.72645839232251
0561, 5, 2.9871634809560317, 101.72769689541373
0562, 5, 2.98716913714611, 101.72783282867982
0563, 5, 2.987229469839631, 101.7283274747315
0564, 5, 2.9873878431429897, 101.72879191339071
0565, 5, 2.988344088469682, 101.73045728066165
0566, 5, 2.988365186081103, 101.73064909723824
0567, 5, 2.9879824705309437, 101.7308539541315
0568, 5, 2.9878091201099766, 101.73090761743688
0569, 5, 2.987314784514506, 101.73097228510572
0570, 5, 2.986591924184103, 101.73095030107348
0571, 5, 2.986389048421542, 101.73096862559402
0572, 5, 2.985275154420979, 101.73131946616908
0573, 5, 2.984603457240231, 101.73157135176113
0574, 5, 2.983339049290458, 101.73228327727598
0575, 5, 2.983139753691463, 101.73240554475942
0576, 5, 2.9829705565232483, 101.73262396237448
0577, 5, 2.9827707815172366, 101.73352008698204
0578, 5, 2.982687381421437, 101.73376317952585
0579, 5, 2.9828855677950146, 101.73384274212684
0580, 5, 2.982985427142873, 101.73386469221258
0581, 5, 2.9830503763073315, 101.73386469221258
0582, 5, 2.983256727403623, 101.73379618585624
0583, 5, 2.9833212639651565, 101.73379496653276
0584, 5, 2.9839997908020517, 101.7339808147648
0585, 5, 2.9840807175756594, 101.73407925462438
0586, 5, 2.984260724557282, 101.73473850748125
0587, 5, 2.984495110515414, 101.73558831726395
0588, 5, 2.983602029769113, 101.73584238155921
0589, 5, 2.9827355407745917, 101.73608758202803
0590, 5, 2.9824048649449706, 101.73497734148762
0591, 5, 2.982422155186771, 101.73491241514022
0592, 5, 2.9824626064517625, 101.73487649911324
0593, 5, 2.9829656318426947, 101.73471514296371
0594, 5, 2.9829700055652135, 101.73467572605232
0595, 5, 2.982974379287707, 101.73463046959847
0596, 5, 2.9828561758275267, 101.73425110042275
0597, 5, 2.982873670719231, 101.73420146431211
0598, 5, 2.982902828871434, 101.7341635072863
0599, 5, 2.9833962457274015, 101.7340169564063
0600, 5, 2.983446647518204, 101.73386748697598
0601, 5, 2.9834358028645434, 101.7338442208519
0602, 5, 2.9833143383609104, 101.73381923363543
0603, 5, 2.9830531910399696, 101.73389062904971
0604, 5, 2.9828827778796976, 101.7338696481835
0605, 5, 2.9826510078695745, 101.73376461015702
0606, 5, 2.9827498492494193, 101.73347939053862
0607, 5, 2.982893821863072, 101.73278121007344
0608, 5, 2.982941648327682, 101.73260773694733
0609, 5, 2.982943773950122, 101.73260667269498
0610, 5, 2.9830309243912363, 101.73246725564272
0612, 5, 2.9831031954835163, 101.73238637246735
0613, 5, 2.984608199899561, 101.73152056151287
0614, 5, 2.9862899518102366, 101.7309351578889
0615, 5, 2.9866278756658504, 101.73090682036133
0616, 5, 2.9874117051173794, 101.73093729458537
0617, 5, 2.9876807208035263, 101.73089944755395
0618, 5, 2.987935285181491, 101.73083933756297
0619, 5, 2.988303236202888, 101.73064676296204
0620, 5, 2.9883021245685955, 101.73056661630733
0621, 5, 2.9882898965912736, 101.73053990075577
0623, 5, 2.987878591814472, 101.72984418326685
0624, 5, 2.9874017004026383, 101.72905718764335
0625, 5, 2.987246071457286, 101.72868316992127
0626, 5, 2.987129349735028, 101.72824347646824
0627, 5, 2.987074879593949, 101.72775257820804
0628, 5, 2.987075991229488, 101.72761232156225
0629, 5, 2.9871460242665937, 101.72712364959797
0630, 5, 2.9873442550468723, 101.72627322069746
0631, 5, 2.9875964131597046, 101.72535205862725
0632, 5, 2.9877732548252807, 101.72467223875068
0633, 5, 2.9879892388811875, 101.72375109615648
0634, 5, 2.988076115255152, 101.72346836355916
0635, 5, 2.9882911342428957, 101.72238962995712
0636, 5, 2.9886885934765752, 101.72091072098655
0637, 5, 2.988860174190533, 101.72061058946016
0638, 5, 2.9889122999717403, 101.72053664401163
0639, 5, 2.9890404425066928, 101.7204235509727
0640, 5, 2.989561840249049, 101.7201655994606
0641, 5, 2.9905392806096773, 101.72031877795051
0642, 5, 2.9915327397308826, 101.72032435953784
0643, 5, 2.9918103029781746, 101.72022226065178
0644, 5, 2.9920750068648365, 101.71996739026116
0645, 5, 2.9922277206165377, 101.71973290950177
0646, 5, 2.9923125615805017, 101.71953920800489
0647, 5, 2.992373647070503, 101.71922996526428
0648, 5, 2.992325699019763, 101.71888169257066
0649, 5, 2.9920313765281294, 101.71820170297954
0650, 5, 2.991958521523336, 101.71804737624778
0651, 5, 2.9920285744126494, 101.71795478020871
0652, 5, 2.992020168066173, 101.71778081189291
0653, 5, 2.9920341786463944, 101.71761526139886
0654, 5, 2.9920227473562915, 101.71655436968305
0655, 5, 2.9919667050438794, 101.71483432810896
0656, 5, 2.991910662729278, 101.71340049247385
0657, 5, 2.9917761611615727, 101.71303010831758
0658, 5, 2.9913222182453145, 101.71255309841936
0659, 5, 2.990585261137269, 101.71182916575044
0660, 5, 2.9904955933201, 101.71160188456363
0661, 5, 2.9904899890812917, 101.71154015387094
0662, 5, 2.9904787806035724, 101.71106594991335
0663, 5, 2.9905362746460615, 101.70790572745317
0664, 5, 2.990698093248244, 101.70771913675797
0665, 5, 2.991309744451051, 101.70765741637862
0666, 5, 2.991720962366472, 101.707556203837